path,line,pattern,text,context
C:\Users\PC\MATLAB Drive\modelo_deshidratador_GA_chile_red_controlado_v1_3_HYBRID_IRR_COMPARE_CONSOLIDADA\02_src_limpio\production\run_guarded_triobjective_formal_ga_v96m.m,131,rng(,"rng(614960,'twister');","    128:     popSize = 24;
    129:     maxGen = 50;
    130: 
>>> 131:     rng(614960,'twister');
    132: 
    133:     % ---------------------------------------------------------------------
    134:     % Preflight directo"
C:\Users\PC\MATLAB Drive\modelo_deshidratador_GA_chile_red_controlado_v1_3_HYBRID_IRR_COMPARE_CONSOLIDADA\02_src_limpio\production\run_guarded_triobjective_formal_ga_v96m.m,35,gamultiobj,"%   - Ejecuta gamultiobj solo si confirm_execute=true.","    32: %   - NO modifica v10/v17/v628b/v18/v95j.
    33: %   - NO modifica objective v96j_fix1.
    34: %   - Ejecuta preflight siempre.
>>> 35: %   - Ejecuta gamultiobj solo si confirm_execute=true.
    36: %   - Guarda MAT/CSV/MD/TXT.
    37: %   - Mantiene solar excluido.
    38: %   - Marca CO2 con factores provisionales."
C:\Users\PC\MATLAB Drive\modelo_deshidratador_GA_chile_red_controlado_v1_3_HYBRID_IRR_COMPARE_CONSOLIDADA\02_src_limpio\production\run_guarded_triobjective_formal_ga_v96m.m,192,gamultiobj,"% Opciones gamultiobj","    189:     end
    190: 
    191:     % ---------------------------------------------------------------------
>>> 192:     % Opciones gamultiobj
    193:     % ---------------------------------------------------------------------
    194:     opts = optimoptions('gamultiobj', ...
    195:         'PopulationSize', popSize, ..."
C:\Users\PC\MATLAB Drive\modelo_deshidratador_GA_chile_red_controlado_v1_3_HYBRID_IRR_COMPARE_CONSOLIDADA\02_src_limpio\production\run_guarded_triobjective_formal_ga_v96m.m,194,gamultiobj,"opts = optimoptions('gamultiobj', ...","    191:     % ---------------------------------------------------------------------
    192:     % Opciones gamultiobj
    193:     % ---------------------------------------------------------------------
>>> 194:     opts = optimoptions('gamultiobj', ...
    195:         'PopulationSize', popSize, ...
    196:         'MaxGenerations', maxGen, ...
    197:         'Display', 'iter', ..."
C:\Users\PC\MATLAB Drive\modelo_deshidratador_GA_chile_red_controlado_v1_3_HYBRID_IRR_COMPARE_CONSOLIDADA\02_src_limpio\production\run_guarded_triobjective_formal_ga_v96m.m,231,gamultiobj,"[X,F,exitflag,output,population,scores] = gamultiobj(objfun, nvars, [], [], [], [], lb, ub, opts); %#ok<ASGLU>","    228:         tStart = tic;
    229: 
    230:         try
>>> 231:             [X,F,exitflag,output,population,scores] = gamultiobj(objfun, nvars, [], [], [], [], lb, ub, opts); %#ok<ASGLU>
    232:             runtime_s = toc(tStart);
    233:             run_status = ""OK"";
    234:             run_error = """";"
C:\Users\PC\MATLAB Drive\modelo_deshidratador_GA_chile_red_controlado_v1_3_HYBRID_IRR_COMPARE_CONSOLIDADA\02_src_limpio\production\run_guarded_triobjective_formal_ga_v96m.m,413,gamultiobj,"""If execution is requested, gamultiobj must complete without error."");","    410:         ""Formal run completed if requested"", ...
    411:         (~confirm_execute) || (confirm_execute && strcmp(run_status,""OK"")), ...
    412:         sprintf(""confirm_execute=%d; run_status=%s; error=%s"", confirm_execute, string(run_status), string(run_error)), ...
>>> 413:         ""If execution is requested, gamultiobj must complete without error."");
    414: 
    415:     checks{end+1,1} = local_check_row_v96m( ...
    416:         ""M06"", ..."
C:\Users\PC\MATLAB Drive\modelo_deshidratador_GA_chile_red_controlado_v1_3_HYBRID_IRR_COMPARE_CONSOLIDADA\02_src_limpio\production\run_guarded_triobjective_formal_ga_v96m.m,194,optimoptions,"opts = optimoptions('gamultiobj', ...","    191:     % ---------------------------------------------------------------------
    192:     % Opciones gamultiobj
    193:     % ---------------------------------------------------------------------
>>> 194:     opts = optimoptions('gamultiobj', ...
    195:         'PopulationSize', popSize, ...
    196:         'MaxGenerations', maxGen, ...
    197:         'Display', 'iter', ..."
C:\Users\PC\MATLAB Drive\modelo_deshidratador_GA_chile_red_controlado_v1_3_HYBRID_IRR_COMPARE_CONSOLIDADA\02_src_limpio\production\run_guarded_triobjective_formal_ga_v96m.m,198,UseParallel,"'UseParallel', false, ...","    195:         'PopulationSize', popSize, ...
    196:         'MaxGenerations', maxGen, ...
    197:         'Display', 'iter', ...
>>> 198:         'UseParallel', false, ...
    199:         'FunctionTolerance', 1e-5, ...
    200:         'ConstraintTolerance', 1e-6, ...
    201:         'PlotFcn', []);"
C:\Users\PC\MATLAB Drive\modelo_deshidratador_GA_chile_red_controlado_v1_3_HYBRID_IRR_COMPARE_CONSOLIDADA\02_src_limpio\production\run_guarded_triobjective_formal_ga_v96m.m,19,PopulationSize,"%   PopulationSize = 24","    16: % Escenario aprobado en 9.6l:
    17: %   F1 — HYBRID_TRIOBJECTIVE_FORMAL_PLUS_GASLP_REFERENCE
    18: %   Mode = hybrid
>>> 19: %   PopulationSize = 24
    20: %   MaxGenerations = 50
    21: %
    22: % Seguridad:"
C:\Users\PC\MATLAB Drive\modelo_deshidratador_GA_chile_red_controlado_v1_3_HYBRID_IRR_COMPARE_CONSOLIDADA\02_src_limpio\production\run_guarded_triobjective_formal_ga_v96m.m,195,PopulationSize,"'PopulationSize', popSize, ...","    192:     % Opciones gamultiobj
    193:     % ---------------------------------------------------------------------
    194:     opts = optimoptions('gamultiobj', ...
>>> 195:         'PopulationSize', popSize, ...
    196:         'MaxGenerations', maxGen, ...
    197:         'Display', 'iter', ...
    198:         'UseParallel', false, ..."
C:\Users\PC\MATLAB Drive\modelo_deshidratador_GA_chile_red_controlado_v1_3_HYBRID_IRR_COMPARE_CONSOLIDADA\02_src_limpio\production\run_guarded_triobjective_formal_ga_v96m.m,222,PopulationSize,"fprintf('PopulationSize: %d\n', popSize);","    219:     if confirm_execute
    220:         fprintf('\n=== EXECUTING TRIOBJECTIVE FORMAL GA v96m ===\n');
    221:         fprintf('Mode: %s\n', modeFormal);
>>> 222:         fprintf('PopulationSize: %d\n', popSize);
    223:         fprintf('MaxGenerations: %d\n', maxGen);
    224:         fprintf('Estimated runtime from v96l: %.3f h\n', Sdesign.designFlags.recommended_estimated_runtime_h);
    225: "
C:\Users\PC\MATLAB Drive\modelo_deshidratador_GA_chile_red_controlado_v1_3_HYBRID_IRR_COMPARE_CONSOLIDADA\02_src_limpio\production\run_guarded_triobjective_formal_ga_v96m.m,519,PopulationSize,"fprintf(fid,'| PopulationSize | %d |\n', popSize);","    516:     fprintf(fid,'## Configuración formal\n\n');
    517:     fprintf(fid,'| Parámetro | Valor |\n');
    518:     fprintf(fid,'|---|---:|\n');
>>> 519:     fprintf(fid,'| PopulationSize | %d |\n', popSize);
    520:     fprintf(fid,'| MaxGenerations | %d |\n', maxGen);
    521:     fprintf(fid,'| nvars | %d |\n', nvars);
    522:     fprintf(fid,'| confirm_execute | %d |\n\n', confirm_execute);"
C:\Users\PC\MATLAB Drive\modelo_deshidratador_GA_chile_red_controlado_v1_3_HYBRID_IRR_COMPARE_CONSOLIDADA\02_src_limpio\production\run_guarded_triobjective_formal_ga_v96m.m,20,MaxGenerations,"%   MaxGenerations = 50","    17: %   F1 — HYBRID_TRIOBJECTIVE_FORMAL_PLUS_GASLP_REFERENCE
    18: %   Mode = hybrid
    19: %   PopulationSize = 24
>>> 20: %   MaxGenerations = 50
    21: %
    22: % Seguridad:
    23: %   confirm_execute = false por defecto."
C:\Users\PC\MATLAB Drive\modelo_deshidratador_GA_chile_red_controlado_v1_3_HYBRID_IRR_COMPARE_CONSOLIDADA\02_src_limpio\production\run_guarded_triobjective_formal_ga_v96m.m,196,MaxGenerations,"'MaxGenerations', maxGen, ...","    193:     % ---------------------------------------------------------------------
    194:     opts = optimoptions('gamultiobj', ...
    195:         'PopulationSize', popSize, ...
>>> 196:         'MaxGenerations', maxGen, ...
    197:         'Display', 'iter', ...
    198:         'UseParallel', false, ...
    199:         'FunctionTolerance', 1e-5, ..."
C:\Users\PC\MATLAB Drive\modelo_deshidratador_GA_chile_red_controlado_v1_3_HYBRID_IRR_COMPARE_CONSOLIDADA\02_src_limpio\production\run_guarded_triobjective_formal_ga_v96m.m,223,MaxGenerations,"fprintf('MaxGenerations: %d\n', maxGen);","    220:         fprintf('\n=== EXECUTING TRIOBJECTIVE FORMAL GA v96m ===\n');
    221:         fprintf('Mode: %s\n', modeFormal);
    222:         fprintf('PopulationSize: %d\n', popSize);
>>> 223:         fprintf('MaxGenerations: %d\n', maxGen);
    224:         fprintf('Estimated runtime from v96l: %.3f h\n', Sdesign.designFlags.recommended_estimated_runtime_h);
    225: 
    226:         objfun = @(x) objective_productive_corrected_v96j_triobjective_CO2_fix1(x, modeFormal);"
C:\Users\PC\MATLAB Drive\modelo_deshidratador_GA_chile_red_controlado_v1_3_HYBRID_IRR_COMPARE_CONSOLIDADA\02_src_limpio\production\run_guarded_triobjective_formal_ga_v96m.m,520,MaxGenerations,"fprintf(fid,'| MaxGenerations | %d |\n', maxGen);","    517:     fprintf(fid,'| Parámetro | Valor |\n');
    518:     fprintf(fid,'|---|---:|\n');
    519:     fprintf(fid,'| PopulationSize | %d |\n', popSize);
>>> 520:     fprintf(fid,'| MaxGenerations | %d |\n', maxGen);
    521:     fprintf(fid,'| nvars | %d |\n', nvars);
    522:     fprintf(fid,'| confirm_execute | %d |\n\n', confirm_execute);
    523: "
C:\Users\PC\MATLAB Drive\modelo_deshidratador_GA_chile_red_controlado_v1_3_HYBRID_IRR_COMPARE_CONSOLIDADA\02_src_limpio\production\run_guarded_triobjective_formal_ga_v96m.m,287,save(,"save(outRawMat,'X','F','exitflag','output','population','scores','runtime_s','run_status','run_error','lb','ub','opts','modeFormal','popSize','maxGen');","    284:     minCO2 = local_min_or_nan_v96m(F,3);
    285: 
    286:     outRawMat = fullfile(matDir,'TRIOBJECTIVE_FORMAL_GA_v96m_raw.mat');
>>> 287:     save(outRawMat,'X','F','exitflag','output','population','scores','runtime_s','run_status','run_error','lb','ub','opts','modeFormal','popSize','maxGen');
    288: 
    289:     % ---------------------------------------------------------------------
    290:     % Soluciones"
C:\Users\PC\MATLAB Drive\modelo_deshidratador_GA_chile_red_controlado_v1_3_HYBRID_IRR_COMPARE_CONSOLIDADA\02_src_limpio\production\run_guarded_triobjective_formal_ga_v96m.m,483,save(,"save(outMat, ...","    480:     outTxt = fullfile(logsDir,'TRIOBJECTIVE_FORMAL_GA_v96m.txt');
    481:     outMat = fullfile(matDir,'TRIOBJECTIVE_FORMAL_GA_v96m.mat');
    482: 
>>> 483:     save(outMat, ...
    484:         'diagnosis','formalFlags', ...
    485:         'x_selected','lb','ub','nvars','popSize','maxGen','modeFormal','referenceMode', ...
    486:         'confirm_execute','run_status','run_error','runtime_s','exitflag','output', ..."
C:\Users\PC\MATLAB Drive\modelo_deshidratador_GA_chile_red_controlado_v1_3_HYBRID_IRR_COMPARE_CONSOLIDADA\02_src_limpio\production\run_guarded_triobjective_formal_ga_v96m.m,314,Tsolutions,"Tsolutions = table();","    311:     end
    312: 
    313:     if isempty(solutionRows)
>>> 314:         Tsolutions = table();
    315:     else
    316:         Tsolutions = struct2table(vertcat(solutionRows{:}));
    317:     end"
C:\Users\PC\MATLAB Drive\modelo_deshidratador_GA_chile_red_controlado_v1_3_HYBRID_IRR_COMPARE_CONSOLIDADA\02_src_limpio\production\run_guarded_triobjective_formal_ga_v96m.m,316,Tsolutions,"Tsolutions = struct2table(vertcat(solutionRows{:}));","    313:     if isempty(solutionRows)
    314:         Tsolutions = table();
    315:     else
>>> 316:         Tsolutions = struct2table(vertcat(solutionRows{:}));
    317:     end
    318: 
    319:     outSolutionsCsv = fullfile(tablesDir,'TRIOBJECTIVE_FORMAL_GA_v96m_solutions.csv');"
C:\Users\PC\MATLAB Drive\modelo_deshidratador_GA_chile_red_controlado_v1_3_HYBRID_IRR_COMPARE_CONSOLIDADA\02_src_limpio\production\run_guarded_triobjective_formal_ga_v96m.m,320,Tsolutions,"writetable(Tsolutions,outSolutionsCsv);","    317:     end
    318: 
    319:     outSolutionsCsv = fullfile(tablesDir,'TRIOBJECTIVE_FORMAL_GA_v96m_solutions.csv');
>>> 320:     writetable(Tsolutions,outSolutionsCsv);
    321: 
    322:     % ---------------------------------------------------------------------
    323:     % Referencia gasLP para x_selected"
C:\Users\PC\MATLAB Drive\modelo_deshidratador_GA_chile_red_controlado_v1_3_HYBRID_IRR_COMPARE_CONSOLIDADA\02_src_limpio\production\run_guarded_triobjective_formal_ga_v96m.m,488,Tsolutions,"'Tpreflight','Trun','Tsolutions','Treference','Tsource','Tchecks', ...","    485:         'x_selected','lb','ub','nvars','popSize','maxGen','modeFormal','referenceMode', ...
    486:         'confirm_execute','run_status','run_error','runtime_s','exitflag','output', ...
    487:         'X','F','population','scores', ...
>>> 488:         'Tpreflight','Trun','Tsolutions','Treference','Tsource','Tchecks', ...
    489:         'objective_v96j_fix1','objective_v95j','wrapper_v10','wrapper_v17','wrapper_v18','objective_v628b', ...
    490:         'designDir','formalDir', ...
    491:         'outMd','outTxt','outMat','outRawMat','outPreflightCsv','outRunCsv','outSolutionsCsv','outReferenceCsv','outSourceCsv','outChecksCsv');"
C:\Users\PC\MATLAB Drive\modelo_deshidratador_GA_chile_red_controlado_v1_3_HYBRID_IRR_COMPARE_CONSOLIDADA\02_src_limpio\production\run_guarded_triobjective_formal_ga_v96m.m,643,Tsolutions,"formal.Tsolutions = Tsolutions;","    640:     formal.formalFlags = formalFlags;
    641:     formal.Tpreflight = Tpreflight;
    642:     formal.Trun = Trun;
>>> 643:     formal.Tsolutions = Tsolutions;
    644:     formal.Treference = Treference;
    645:     formal.Tchecks = Tchecks;
    646:     formal.Tsource = Tsource;"
C:\Users\PC\MATLAB Drive\modelo_deshidratador_GA_chile_red_controlado_v1_3_HYBRID_IRR_COMPARE_CONSOLIDADA\02_src_limpio\production\run_guarded_triobjective_formal_ga_v96m.m,145,Tpreflight,"Tpreflight = struct2table(vertcat(preRows{:}));","    142:         preRows{end+1,1} = local_preflight_row_v96m(mode, x_selected, f, d0, status, errMsg); %#ok<AGROW>
    143:     end
    144: 
>>> 145:     Tpreflight = struct2table(vertcat(preRows{:}));
    146: 
    147:     outPreflightCsv = fullfile(tablesDir,'TRIOBJECTIVE_FORMAL_GA_v96m_preflight.csv');
    148:     writetable(Tpreflight,outPreflightCsv);"
C:\Users\PC\MATLAB Drive\modelo_deshidratador_GA_chile_red_controlado_v1_3_HYBRID_IRR_COMPARE_CONSOLIDADA\02_src_limpio\production\run_guarded_triobjective_formal_ga_v96m.m,148,Tpreflight,"writetable(Tpreflight,outPreflightCsv);","    145:     Tpreflight = struct2table(vertcat(preRows{:}));
    146: 
    147:     outPreflightCsv = fullfile(tablesDir,'TRIOBJECTIVE_FORMAL_GA_v96m_preflight.csv');
>>> 148:     writetable(Tpreflight,outPreflightCsv);
    149: 
    150:     gasPre = Tpreflight(strcmp(string(Tpreflight.mode),""gasLP""),:);
    151:     hybPre = Tpreflight(strcmp(string(Tpreflight.mode),""hybrid""),:);"
C:\Users\PC\MATLAB Drive\modelo_deshidratador_GA_chile_red_controlado_v1_3_HYBRID_IRR_COMPARE_CONSOLIDADA\02_src_limpio\production\run_guarded_triobjective_formal_ga_v96m.m,150,Tpreflight,"gasPre = Tpreflight(strcmp(string(Tpreflight.mode),""gasLP""),:);","    147:     outPreflightCsv = fullfile(tablesDir,'TRIOBJECTIVE_FORMAL_GA_v96m_preflight.csv');
    148:     writetable(Tpreflight,outPreflightCsv);
    149: 
>>> 150:     gasPre = Tpreflight(strcmp(string(Tpreflight.mode),""gasLP""),:);
    151:     hybPre = Tpreflight(strcmp(string(Tpreflight.mode),""hybrid""),:);
    152:     solPre = Tpreflight(strcmp(string(Tpreflight.mode),""solar""),:);
    153: "
C:\Users\PC\MATLAB Drive\modelo_deshidratador_GA_chile_red_controlado_v1_3_HYBRID_IRR_COMPARE_CONSOLIDADA\02_src_limpio\production\run_guarded_triobjective_formal_ga_v96m.m,151,Tpreflight,"hybPre = Tpreflight(strcmp(string(Tpreflight.mode),""hybrid""),:);","    148:     writetable(Tpreflight,outPreflightCsv);
    149: 
    150:     gasPre = Tpreflight(strcmp(string(Tpreflight.mode),""gasLP""),:);
>>> 151:     hybPre = Tpreflight(strcmp(string(Tpreflight.mode),""hybrid""),:);
    152:     solPre = Tpreflight(strcmp(string(Tpreflight.mode),""solar""),:);
    153: 
    154:     preflight_pass = ..."
C:\Users\PC\MATLAB Drive\modelo_deshidratador_GA_chile_red_controlado_v1_3_HYBRID_IRR_COMPARE_CONSOLIDADA\02_src_limpio\production\run_guarded_triobjective_formal_ga_v96m.m,152,Tpreflight,"solPre = Tpreflight(strcmp(string(Tpreflight.mode),""solar""),:);","    149: 
    150:     gasPre = Tpreflight(strcmp(string(Tpreflight.mode),""gasLP""),:);
    151:     hybPre = Tpreflight(strcmp(string(Tpreflight.mode),""hybrid""),:);
>>> 152:     solPre = Tpreflight(strcmp(string(Tpreflight.mode),""solar""),:);
    153: 
    154:     preflight_pass = ...
    155:         strcmp(string(gasPre.status(1)),""OK"") && gasPre.nobj(1)==3 && strcmp(string(gasPre.detail_status(1)),""OK"") && ..."
C:\Users\PC\MATLAB Drive\modelo_deshidratador_GA_chile_red_controlado_v1_3_HYBRID_IRR_COMPARE_CONSOLIDADA\02_src_limpio\production\run_guarded_triobjective_formal_ga_v96m.m,488,Tpreflight,"'Tpreflight','Trun','Tsolutions','Treference','Tsource','Tchecks', ...","    485:         'x_selected','lb','ub','nvars','popSize','maxGen','modeFormal','referenceMode', ...
    486:         'confirm_execute','run_status','run_error','runtime_s','exitflag','output', ...
    487:         'X','F','population','scores', ...
>>> 488:         'Tpreflight','Trun','Tsolutions','Treference','Tsource','Tchecks', ...
    489:         'objective_v96j_fix1','objective_v95j','wrapper_v10','wrapper_v17','wrapper_v18','objective_v628b', ...
    490:         'designDir','formalDir', ...
    491:         'outMd','outTxt','outMat','outRawMat','outPreflightCsv','outRunCsv','outSolutionsCsv','outReferenceCsv','outSourceCsv','outChecksCsv');"
C:\Users\PC\MATLAB Drive\modelo_deshidratador_GA_chile_red_controlado_v1_3_HYBRID_IRR_COMPARE_CONSOLIDADA\02_src_limpio\production\run_guarded_triobjective_formal_ga_v96m.m,528,Tpreflight,"for i = 1:height(Tpreflight)","    525:     fprintf(fid,'| mode | status | detail | nobj | f1 MR | f2 cost | f3 CO2 |\n');
    526:     fprintf(fid,'|---|---|---|---:|---:|---:|---:|\n');
    527: 
>>> 528:     for i = 1:height(Tpreflight)
    529:         fprintf(fid,'| `%s` | `%s` | `%s` | %d | %.12g | %.12g | %.12g |\n', ...
    530:             string(Tpreflight.mode(i)), ...
    531:             string(Tpreflight.status(i)), ..."
C:\Users\PC\MATLAB Drive\modelo_deshidratador_GA_chile_red_controlado_v1_3_HYBRID_IRR_COMPARE_CONSOLIDADA\02_src_limpio\production\run_guarded_triobjective_formal_ga_v96m.m,530,Tpreflight,"string(Tpreflight.mode(i)), ...","    527: 
    528:     for i = 1:height(Tpreflight)
    529:         fprintf(fid,'| `%s` | `%s` | `%s` | %d | %.12g | %.12g | %.12g |\n', ...
>>> 530:             string(Tpreflight.mode(i)), ...
    531:             string(Tpreflight.status(i)), ...
    532:             string(Tpreflight.detail_status(i)), ...
    533:             Tpreflight.nobj(i), ..."
C:\Users\PC\MATLAB Drive\modelo_deshidratador_GA_chile_red_controlado_v1_3_HYBRID_IRR_COMPARE_CONSOLIDADA\02_src_limpio\production\run_guarded_triobjective_formal_ga_v96m.m,531,Tpreflight,"string(Tpreflight.status(i)), ...","    528:     for i = 1:height(Tpreflight)
    529:         fprintf(fid,'| `%s` | `%s` | `%s` | %d | %.12g | %.12g | %.12g |\n', ...
    530:             string(Tpreflight.mode(i)), ...
>>> 531:             string(Tpreflight.status(i)), ...
    532:             string(Tpreflight.detail_status(i)), ...
    533:             Tpreflight.nobj(i), ...
    534:             Tpreflight.f1(i), ..."
C:\Users\PC\MATLAB Drive\modelo_deshidratador_GA_chile_red_controlado_v1_3_HYBRID_IRR_COMPARE_CONSOLIDADA\02_src_limpio\production\run_guarded_triobjective_formal_ga_v96m.m,532,Tpreflight,"string(Tpreflight.detail_status(i)), ...","    529:         fprintf(fid,'| `%s` | `%s` | `%s` | %d | %.12g | %.12g | %.12g |\n', ...
    530:             string(Tpreflight.mode(i)), ...
    531:             string(Tpreflight.status(i)), ...
>>> 532:             string(Tpreflight.detail_status(i)), ...
    533:             Tpreflight.nobj(i), ...
    534:             Tpreflight.f1(i), ...
    535:             Tpreflight.f2(i), ..."
C:\Users\PC\MATLAB Drive\modelo_deshidratador_GA_chile_red_controlado_v1_3_HYBRID_IRR_COMPARE_CONSOLIDADA\02_src_limpio\production\run_guarded_triobjective_formal_ga_v96m.m,533,Tpreflight,"Tpreflight.nobj(i), ...","    530:             string(Tpreflight.mode(i)), ...
    531:             string(Tpreflight.status(i)), ...
    532:             string(Tpreflight.detail_status(i)), ...
>>> 533:             Tpreflight.nobj(i), ...
    534:             Tpreflight.f1(i), ...
    535:             Tpreflight.f2(i), ...
    536:             Tpreflight.f3(i));"
C:\Users\PC\MATLAB Drive\modelo_deshidratador_GA_chile_red_controlado_v1_3_HYBRID_IRR_COMPARE_CONSOLIDADA\02_src_limpio\production\run_guarded_triobjective_formal_ga_v96m.m,534,Tpreflight,"Tpreflight.f1(i), ...","    531:             string(Tpreflight.status(i)), ...
    532:             string(Tpreflight.detail_status(i)), ...
    533:             Tpreflight.nobj(i), ...
>>> 534:             Tpreflight.f1(i), ...
    535:             Tpreflight.f2(i), ...
    536:             Tpreflight.f3(i));
    537:     end"
C:\Users\PC\MATLAB Drive\modelo_deshidratador_GA_chile_red_controlado_v1_3_HYBRID_IRR_COMPARE_CONSOLIDADA\02_src_limpio\production\run_guarded_triobjective_formal_ga_v96m.m,535,Tpreflight,"Tpreflight.f2(i), ...","    532:             string(Tpreflight.detail_status(i)), ...
    533:             Tpreflight.nobj(i), ...
    534:             Tpreflight.f1(i), ...
>>> 535:             Tpreflight.f2(i), ...
    536:             Tpreflight.f3(i));
    537:     end
    538: "
C:\Users\PC\MATLAB Drive\modelo_deshidratador_GA_chile_red_controlado_v1_3_HYBRID_IRR_COMPARE_CONSOLIDADA\02_src_limpio\production\run_guarded_triobjective_formal_ga_v96m.m,536,Tpreflight,"Tpreflight.f3(i));","    533:             Tpreflight.nobj(i), ...
    534:             Tpreflight.f1(i), ...
    535:             Tpreflight.f2(i), ...
>>> 536:             Tpreflight.f3(i));
    537:     end
    538: 
    539:     fprintf(fid,'\n## Resumen de corrida\n\n');"
C:\Users\PC\MATLAB Drive\modelo_deshidratador_GA_chile_red_controlado_v1_3_HYBRID_IRR_COMPARE_CONSOLIDADA\02_src_limpio\production\run_guarded_triobjective_formal_ga_v96m.m,641,Tpreflight,"formal.Tpreflight = Tpreflight;","    638:     formal.status = 'TRIOBJECTIVE_FORMAL_GA_v96m_COMPLETED';
    639:     formal.diagnosis = diagnosis;
    640:     formal.formalFlags = formalFlags;
>>> 641:     formal.Tpreflight = Tpreflight;
    642:     formal.Trun = Trun;
    643:     formal.Tsolutions = Tsolutions;
    644:     formal.Treference = Treference;"
C:\Users\PC\MATLAB Drive\modelo_deshidratador_GA_chile_red_controlado_v1_3_HYBRID_IRR_COMPARE_CONSOLIDADA\02_src_limpio\production\run_guarded_triobjective_formal_ga_v96m.m,659,Tpreflight,"disp(formal.Tpreflight)","    656:     disp('=== FORMAL FLAGS ===')
    657:     disp(formal.formalFlags)
    658:     disp('=== PREFLIGHT ===')
>>> 659:     disp(formal.Tpreflight)
    660:     disp('=== RUN SUMMARY ===')
    661:     disp(formal.Trun)
    662:     disp('=== CHECKS ===')"
C:\Users\PC\MATLAB Drive\modelo_deshidratador_GA_chile_red_controlado_v1_3_HYBRID_IRR_COMPARE_CONSOLIDADA\02_src_limpio\production\run_guarded_triobjective_formal_ga_v96m.m,367,Trun,"Trun = struct2table(runRow);","    364:         runRow.output_message = """";
    365:     end
    366: 
>>> 367:     Trun = struct2table(runRow);
    368: 
    369:     outRunCsv = fullfile(tablesDir,'TRIOBJECTIVE_FORMAL_GA_v96m_run_summary.csv');
    370:     writetable(Trun,outRunCsv);"
C:\Users\PC\MATLAB Drive\modelo_deshidratador_GA_chile_red_controlado_v1_3_HYBRID_IRR_COMPARE_CONSOLIDADA\02_src_limpio\production\run_guarded_triobjective_formal_ga_v96m.m,370,Trun,"writetable(Trun,outRunCsv);","    367:     Trun = struct2table(runRow);
    368: 
    369:     outRunCsv = fullfile(tablesDir,'TRIOBJECTIVE_FORMAL_GA_v96m_run_summary.csv');
>>> 370:     writetable(Trun,outRunCsv);
    371: 
    372:     % ---------------------------------------------------------------------
    373:     % Checks"
C:\Users\PC\MATLAB Drive\modelo_deshidratador_GA_chile_red_controlado_v1_3_HYBRID_IRR_COMPARE_CONSOLIDADA\02_src_limpio\production\run_guarded_triobjective_formal_ga_v96m.m,488,Trun,"'Tpreflight','Trun','Tsolutions','Treference','Tsource','Tchecks', ...","    485:         'x_selected','lb','ub','nvars','popSize','maxGen','modeFormal','referenceMode', ...
    486:         'confirm_execute','run_status','run_error','runtime_s','exitflag','output', ...
    487:         'X','F','population','scores', ...
>>> 488:         'Tpreflight','Trun','Tsolutions','Treference','Tsource','Tchecks', ...
    489:         'objective_v96j_fix1','objective_v95j','wrapper_v10','wrapper_v17','wrapper_v18','objective_v628b', ...
    490:         'designDir','formalDir', ...
    491:         'outMd','outTxt','outMat','outRawMat','outPreflightCsv','outRunCsv','outSolutionsCsv','outReferenceCsv','outSourceCsv','outChecksCsv');"
C:\Users\PC\MATLAB Drive\modelo_deshidratador_GA_chile_red_controlado_v1_3_HYBRID_IRR_COMPARE_CONSOLIDADA\02_src_limpio\production\run_guarded_triobjective_formal_ga_v96m.m,543,Trun,"string(Trun.mode(1)), ...","    540:     fprintf(fid,'| mode | run_status | runtime_h | exitflag | nSolutions | nFiniteRows | nPenaltyRows | minMR | minCost | minCO2 |\n');
    541:     fprintf(fid,'|---|---|---:|---:|---:|---:|---:|---:|---:|---:|\n');
    542:     fprintf(fid,'| `%s` | `%s` | %.6f | %.0f | %d | %d | %d | %.12g | %.12g | %.12g |\n', ...
>>> 543:         string(Trun.mode(1)), ...
    544:         string(Trun.run_status(1)), ...
    545:         Trun.runtime_h(1), ...
    546:         Trun.exitflag(1), ..."
C:\Users\PC\MATLAB Drive\modelo_deshidratador_GA_chile_red_controlado_v1_3_HYBRID_IRR_COMPARE_CONSOLIDADA\02_src_limpio\production\run_guarded_triobjective_formal_ga_v96m.m,544,Trun,"string(Trun.run_status(1)), ...","    541:     fprintf(fid,'|---|---|---:|---:|---:|---:|---:|---:|---:|---:|\n');
    542:     fprintf(fid,'| `%s` | `%s` | %.6f | %.0f | %d | %d | %d | %.12g | %.12g | %.12g |\n', ...
    543:         string(Trun.mode(1)), ...
>>> 544:         string(Trun.run_status(1)), ...
    545:         Trun.runtime_h(1), ...
    546:         Trun.exitflag(1), ...
    547:         Trun.nSolutions(1), ..."
C:\Users\PC\MATLAB Drive\modelo_deshidratador_GA_chile_red_controlado_v1_3_HYBRID_IRR_COMPARE_CONSOLIDADA\02_src_limpio\production\run_guarded_triobjective_formal_ga_v96m.m,545,Trun,"Trun.runtime_h(1), ...","    542:     fprintf(fid,'| `%s` | `%s` | %.6f | %.0f | %d | %d | %d | %.12g | %.12g | %.12g |\n', ...
    543:         string(Trun.mode(1)), ...
    544:         string(Trun.run_status(1)), ...
>>> 545:         Trun.runtime_h(1), ...
    546:         Trun.exitflag(1), ...
    547:         Trun.nSolutions(1), ...
    548:         Trun.nFiniteRows(1), ..."
C:\Users\PC\MATLAB Drive\modelo_deshidratador_GA_chile_red_controlado_v1_3_HYBRID_IRR_COMPARE_CONSOLIDADA\02_src_limpio\production\run_guarded_triobjective_formal_ga_v96m.m,546,Trun,"Trun.exitflag(1), ...","    543:         string(Trun.mode(1)), ...
    544:         string(Trun.run_status(1)), ...
    545:         Trun.runtime_h(1), ...
>>> 546:         Trun.exitflag(1), ...
    547:         Trun.nSolutions(1), ...
    548:         Trun.nFiniteRows(1), ...
    549:         Trun.nPenaltyRows(1), ..."
C:\Users\PC\MATLAB Drive\modelo_deshidratador_GA_chile_red_controlado_v1_3_HYBRID_IRR_COMPARE_CONSOLIDADA\02_src_limpio\production\run_guarded_triobjective_formal_ga_v96m.m,547,Trun,"Trun.nSolutions(1), ...","    544:         string(Trun.run_status(1)), ...
    545:         Trun.runtime_h(1), ...
    546:         Trun.exitflag(1), ...
>>> 547:         Trun.nSolutions(1), ...
    548:         Trun.nFiniteRows(1), ...
    549:         Trun.nPenaltyRows(1), ...
    550:         Trun.minMR(1), ..."
C:\Users\PC\MATLAB Drive\modelo_deshidratador_GA_chile_red_controlado_v1_3_HYBRID_IRR_COMPARE_CONSOLIDADA\02_src_limpio\production\run_guarded_triobjective_formal_ga_v96m.m,548,Trun,"Trun.nFiniteRows(1), ...","    545:         Trun.runtime_h(1), ...
    546:         Trun.exitflag(1), ...
    547:         Trun.nSolutions(1), ...
>>> 548:         Trun.nFiniteRows(1), ...
    549:         Trun.nPenaltyRows(1), ...
    550:         Trun.minMR(1), ...
    551:         Trun.minCost(1), ..."
C:\Users\PC\MATLAB Drive\modelo_deshidratador_GA_chile_red_controlado_v1_3_HYBRID_IRR_COMPARE_CONSOLIDADA\02_src_limpio\production\run_guarded_triobjective_formal_ga_v96m.m,549,Trun,"Trun.nPenaltyRows(1), ...","    546:         Trun.exitflag(1), ...
    547:         Trun.nSolutions(1), ...
    548:         Trun.nFiniteRows(1), ...
>>> 549:         Trun.nPenaltyRows(1), ...
    550:         Trun.minMR(1), ...
    551:         Trun.minCost(1), ...
    552:         Trun.minCO2(1));"
C:\Users\PC\MATLAB Drive\modelo_deshidratador_GA_chile_red_controlado_v1_3_HYBRID_IRR_COMPARE_CONSOLIDADA\02_src_limpio\production\run_guarded_triobjective_formal_ga_v96m.m,550,Trun,"Trun.minMR(1), ...","    547:         Trun.nSolutions(1), ...
    548:         Trun.nFiniteRows(1), ...
    549:         Trun.nPenaltyRows(1), ...
>>> 550:         Trun.minMR(1), ...
    551:         Trun.minCost(1), ...
    552:         Trun.minCO2(1));
    553: "
C:\Users\PC\MATLAB Drive\modelo_deshidratador_GA_chile_red_controlado_v1_3_HYBRID_IRR_COMPARE_CONSOLIDADA\02_src_limpio\production\run_guarded_triobjective_formal_ga_v96m.m,551,Trun,"Trun.minCost(1), ...","    548:         Trun.nFiniteRows(1), ...
    549:         Trun.nPenaltyRows(1), ...
    550:         Trun.minMR(1), ...
>>> 551:         Trun.minCost(1), ...
    552:         Trun.minCO2(1));
    553: 
    554:     fprintf(fid,'\n## Referencia gasLP en x_selected\n\n');"
C:\Users\PC\MATLAB Drive\modelo_deshidratador_GA_chile_red_controlado_v1_3_HYBRID_IRR_COMPARE_CONSOLIDADA\02_src_limpio\production\run_guarded_triobjective_formal_ga_v96m.m,552,Trun,"Trun.minCO2(1));","    549:         Trun.nPenaltyRows(1), ...
    550:         Trun.minMR(1), ...
    551:         Trun.minCost(1), ...
>>> 552:         Trun.minCO2(1));
    553: 
    554:     fprintf(fid,'\n## Referencia gasLP en x_selected\n\n');
    555:     fprintf(fid,'| mode | status | detail | f1 MR | f2 cost | f3 CO2 |\n');"
C:\Users\PC\MATLAB Drive\modelo_deshidratador_GA_chile_red_controlado_v1_3_HYBRID_IRR_COMPARE_CONSOLIDADA\02_src_limpio\production\run_guarded_triobjective_formal_ga_v96m.m,642,Trun,"formal.Trun = Trun;","    639:     formal.diagnosis = diagnosis;
    640:     formal.formalFlags = formalFlags;
    641:     formal.Tpreflight = Tpreflight;
>>> 642:     formal.Trun = Trun;
    643:     formal.Tsolutions = Tsolutions;
    644:     formal.Treference = Treference;
    645:     formal.Tchecks = Tchecks;"
C:\Users\PC\MATLAB Drive\modelo_deshidratador_GA_chile_red_controlado_v1_3_HYBRID_IRR_COMPARE_CONSOLIDADA\02_src_limpio\production\run_guarded_triobjective_formal_ga_v96m.m,661,Trun,"disp(formal.Trun)","    658:     disp('=== PREFLIGHT ===')
    659:     disp(formal.Tpreflight)
    660:     disp('=== RUN SUMMARY ===')
>>> 661:     disp(formal.Trun)
    662:     disp('=== CHECKS ===')
    663:     disp(formal.Tchecks)
    664:     disp('=== OUTPUT FILES ===')"
